<manifest alg="2" build="2018.1.0.386" opt="false" iceEnabled="true" iceMarkupVersion="2" iceEnabledOptions="link,responsive,cachebuster,textStyling" exportTarget="other" domain="forspost72.ru" resolutions="1x" timestamp="1605567010942">
  <folder name="css">
    <file name="site_global.css" crc="444006867"/>
    <file name="index.css" crc="63112728" ref="index"/>
    <file name="iefonts_index.css" crc="526206557" ref="index"/>
  </folder>
  <folder name="assets">
    <file name="vanilla-menu-free.mulib" crc="70929477" seo="true" mt="1485417148000"/>
  </folder>
  <folder name="scripts">
    <file name="jquery-1.8.3.min.js" crc="209076791" ref="phone>index:index"/>
    <file name="museutils.js" crc="340535759" ref="phone>index:index"/>
    <file name="whatinput.js" crc="86476730" ref="phone>index:index"/>
    <file name="museconfig.js" crc="4286661555" ref="phone>index:index"/>
    <file name="webpro.js" crc="4059564322" ref="phone>index:index"/>
    <file name="musewpslideshow.js" crc="3862962738" ref="phone>index:index"/>
    <file name="jquery.museoverlay.js" crc="4147669564" ref="phone>index:index"/>
    <file name="touchswipe.js" crc="4075097462" ref="phone>index:index"/>
    <file name="jquery.musepolyfill.bgsize.js" crc="4260645839" ref="phone>index:index"/>
    <file name="jquery.watch.js" crc="51536988" ref="phone>index:index"/>
    <file name="form_check.php" crc="4020933626" ref="phone>index"/>
    <file name="form_throttle.php" crc="4259590256" ref="phone>index"/>
    <file name="form_process.php" crc="37464564" ref="phone>index"/>
    <file name="form-u6378.php" crc="4248096640" ref="phone>index"/>
    <file name="require.js" crc="7928878" ref="phone>index:index"/>
    <file name="form-u1491.php" crc="4197788291" ref="index"/>
  </folder>
  <folder name="images">
    <file name="ohrana-chastnyh-fizicheskih-lic.jpg" crc="4165911708" seo="true" ref="phone>index:index">
      <caption webpage="index" alt=""/>
      <caption webpage="index" alt=""/>
    </file>
    <file name="blank.gif" crc="4208392903" ref="phone>index:index"/>
    <file name="ohrana_gruzov.jpg" crc="394969350" seo="true" ref="phone>index:index">
      <caption webpage="index" alt=""/>
      <caption webpage="index" alt=""/>
    </file>
    <file name="unnamed.jpg" crc="3974942987" seo="true" ref="phone>index:index">
      <caption webpage="index" alt=""/>
      <caption webpage="index" alt=""/>
    </file>
    <file name="poligrapparatus.jpg" crc="3811311417" seo="true" ref="phone>index:index">
      <caption webpage="index" alt=""/>
      <caption webpage="index" alt=""/>
    </file>
    <file name="original-1gxf.jpg" crc="3910565950" seo="true" ref="phone>index:index">
      <caption webpage="index" alt=""/>
      <caption webpage="index" alt=""/>
    </file>
    <file name="secritycameras.jpg" crc="72755773" seo="true" ref="phone>index:index">
      <caption webpage="index" alt=""/>
      <caption webpage="index" alt=""/>
    </file>
    <file name="bp5er3eqqjc.jpg" crc="4028491114" seo="true" ref="phone>index:index">
      <caption webpage="index" alt=""/>
      <caption webpage="index" alt=""/>
    </file>
    <file name="asdasd.jpg" crc="285938672" seo="true" ref="phone>index:index">
      <caption webpage="index" alt=""/>
      <caption webpage="index" alt=""/>
    </file>
    <file name="755212051814143.jpg" crc="460978375" seo="true" ref="phone>index:index">
      <caption webpage="index" alt=""/>
      <caption webpage="index" alt=""/>
    </file>
    <file name="loading.gif" crc="3815509949" ref="phone>index:index"/>
    <file name="1.png" crc="391960480" ref="phone>index:index">
      <caption webpage="index" alt=""/>
      <caption webpage="index" alt=""/>
      <caption webpage="index" alt=""/>
      <caption webpage="index" alt=""/>
    </file>
    <file name="cancel-u6432-a-fr.png" crc="496789398" ref="phone>index:index"/>
    <file name="elegant-white-background-with-shiny-lines_1017-17580-u6424-fr.jpg" crc="4207108654" ref="phone>index:index"/>
    <file name="free-topographic-map-seamless-pattern-u6427-fr.jpg" crc="434705163" ref="phone>index:index"/>
    <file name="logo2.jpg" crc="3927306543" ref="phone>index:index">
      <caption webpage="index" alt=""/>
      <caption webpage="index" alt=""/>
      <caption webpage="index" alt=""/>
      <caption webpage="index" alt=""/>
      <caption webpage="index" alt=""/>
      <caption webpage="index" alt=""/>
    </file>
    <file name="vk.png" crc="435607969" ref="phone>index:index">
      <caption webpage="index" alt=""/>
      <caption webpage="index" alt=""/>
    </file>
    <file name="vk1.png" crc="3820651724" ref="phone>index:index">
      <caption webpage="index" alt=""/>
      <caption webpage="index" alt=""/>
    </file>
    <file name="icons8-facebook-150.png" crc="354993178" ref="phone>index:index">
      <caption webpage="index" alt=""/>
      <caption webpage="index" alt=""/>
    </file>
    <file name="icons8-facebook-240 (1).png" crc="3825758178" ref="phone>index:index">
      <caption webpage="index" alt=""/>
      <caption webpage="index" alt=""/>
    </file>
    <file name="icons8-instagram-150.png" crc="206223378" ref="phone>index:index">
      <caption webpage="index" alt=""/>
      <caption webpage="index" alt=""/>
    </file>
    <file name="icons8-instagram-150 (1).png" crc="295037924" ref="phone>index:index">
      <caption webpage="index" alt=""/>
      <caption webpage="index" alt=""/>
    </file>
    <file name="dabd79ece6cfeaa65daf018fb7e182f3.jpg" crc="3918458412" ref="phone>index:index">
      <caption webpage="index" alt=""/>
    </file>
    <file name="screenshot_1-removebg-preview-u6421-fr.png" crc="3888496468" ref="phone>index"/>
    <file name="red-3124617_960_720-u6324-fr.png" crc="3968565850" ref="phone>index:index"/>
    <file name="300_-_shield-512.png" crc="262166138" ref="phone>index:index">
      <caption webpage="index" alt=""/>
      <caption webpage="index" alt=""/>
    </file>
    <file name="626764-200.png" crc="189359399" ref="phone>index:index">
      <caption webpage="index" alt=""/>
      <caption webpage="index" alt=""/>
    </file>
    <file name="info.png" crc="464040593" ref="phone>index:index">
      <caption webpage="index" alt=""/>
      <caption webpage="index" alt=""/>
    </file>
    <file name="781-7814210_video-camera-icon-security-camera-icon-png.png" crc="293576769" ref="phone>index:index">
      <caption webpage="index" alt=""/>
      <caption webpage="index" alt=""/>
    </file>
    <file name="932188-200.png" crc="368471742" ref="phone>index:index">
      <caption webpage="index" alt=""/>
      <caption webpage="index" alt=""/>
    </file>
    <file name="detective.png" crc="4655308" ref="phone>index:index">
      <caption webpage="index" alt=""/>
      <caption webpage="index" alt=""/>
    </file>
    <file name="case.png" crc="429738878" ref="phone>index:index">
      <caption webpage="index" alt=""/>
      <caption webpage="index" alt=""/>
    </file>
    <file name="125503.png" crc="130383555" ref="phone>index:index">
      <caption webpage="index" alt=""/>
      <caption webpage="index" alt=""/>
    </file>
    <file name="android-5-lollipop-red-black-abstract-material-design-line-stripes-wide-1.jpg" crc="252080500" ref="phone>index:index">
      <caption webpage="index" alt=""/>
      <caption webpage="index" alt=""/>
    </file>
    <file name="free-topographic-map-seamless-pattern.jpg" crc="355785390" ref="phone>index:index">
      <caption webpage="index" alt=""/>
    </file>
    <file name="e5799698e1255e1dfefd6c87b4fa8244-u6325-fr.png" crc="4132213119" ref="phone>index:index"/>
    <file name="logo-u6374-fr.png" crc="502486718" ref="phone>index"/>
    <file name="logo (1)-u6375-fr.png" crc="126784938" ref="phone>index"/>
    <file name="1159867.jpg" crc="228410" ref="phone>index:index">
      <caption webpage="index" alt=""/>
    </file>
    <file name="free-topographic-map-seamless-pattern-u6400-fr.png" crc="4216904502" ref="phone>index:index"/>
    <file name="free-topographic-map-seamless-pattern-u6377-fr.png" crc="4216904502" ref="phone>index:index"/>
    <file name="license1403x579.jpg" crc="49845968" seo="true" ref="phone>index">
      <caption webpage="index" alt=""/>
    </file>
    <file name="license2403x579.jpg" crc="187926607" seo="true" ref="phone>index">
      <caption webpage="index" alt=""/>
    </file>
    <file name="license1168x241.jpg" crc="243705381" seo="true" ref="phone>index">
      <caption webpage="index" alt=""/>
    </file>
    <file name="license2168x241.jpg" crc="3770814664" seo="true" ref="phone>index">
      <caption webpage="index" alt=""/>
    </file>
    <file name="papersco-vd13-space-white-simple-abstract-cimon-cpage-pattern-art-6-wallpaper-u7042-fr.jpg" crc="4176804072" ref="phone>index"/>
    <file name="free-topographic-map-seamless-pattern-u7057-fr.png" crc="476970977" ref="phone>index:index"/>
    <file name="screenshot_1-removebg-preview.png" crc="536851873" ref="index">
      <caption webpage="index" alt=""/>
    </file>
    <file name="logo.png" crc="406249526" ref="index">
      <caption webpage="index" alt=""/>
    </file>
    <file name="logo (1).png" crc="251638276" ref="index">
      <caption webpage="index" alt=""/>
    </file>
    <file name="license1.jpg" crc="4050815311" seo="true" ref="index">
      <caption webpage="index" alt=""/>
    </file>
    <file name="license2.jpg" crc="3821973668" seo="true" ref="index">
      <caption webpage="index" alt=""/>
    </file>
    <file name="license1277x397.jpg" crc="52138459" seo="true" ref="index">
      <caption webpage="index" alt=""/>
    </file>
    <file name="license2277x398.jpg" crc="10888094" seo="true" ref="index">
      <caption webpage="index" alt=""/>
    </file>
    <file name="papersco-vd13-space-white-simple-abstract-cimon-cpage-pattern-art-6-wallpaper.jpg" crc="3769285051" ref="index">
      <caption webpage="index" alt=""/>
    </file>
  </folder>
  <folder name="phone">
    <folder name="css">
      <file name="index.css" crc="4286001991" ref="phone>index"/>
      <file name="iefonts_index.css" crc="159773932" ref="phone>index"/>
    </folder>
    <file name="index.html" crc="393670026" seo="true" mt="1605566315308" redirect="true"/>
  </folder>
  <file name="index.html" crc="147659262" seo="true" mt="1605566299884" redirect="true"/>
</manifest>